{
    "name": "root",
    "gauges": {
        "CubeAgentFinal.Policy.Entropy.mean": {
            "value": 1.431646704673767,
            "min": 1.4205520153045654,
            "max": 1.435583233833313,
            "count": 7
        },
        "CubeAgentFinal.Policy.Entropy.sum": {
            "value": 2857.56689453125,
            "min": 2806.18408203125,
            "max": 2920.65478515625,
            "count": 7
        },
        "CubeAgentFinal.Environment.EpisodeLength.mean": {
            "value": 23.95,
            "min": 23.95,
            "max": 57.714285714285715,
            "count": 7
        },
        "CubeAgentFinal.Environment.EpisodeLength.sum": {
            "value": 1916.0,
            "min": 1916.0,
            "max": 2020.0,
            "count": 7
        },
        "CubeAgentFinal.Step.mean": {
            "value": 13967.0,
            "min": 1993.0,
            "max": 13967.0,
            "count": 7
        },
        "CubeAgentFinal.Step.sum": {
            "value": 13967.0,
            "min": 1993.0,
            "max": 13967.0,
            "count": 7
        },
        "CubeAgentFinal.Policy.ExtrinsicValueEstimate.mean": {
            "value": 1.027660608291626,
            "min": 0.057396579533815384,
            "max": 1.027660608291626,
            "count": 7
        },
        "CubeAgentFinal.Policy.ExtrinsicValueEstimate.sum": {
            "value": 84.2681655883789,
            "min": 2.755035877227783,
            "max": 84.2681655883789,
            "count": 7
        },
        "CubeAgentFinal.Environment.CumulativeReward.mean": {
            "value": 1.3625,
            "min": 0.1323529411764706,
            "max": 1.3625,
            "count": 7
        },
        "CubeAgentFinal.Environment.CumulativeReward.sum": {
            "value": 109.0,
            "min": 4.5,
            "max": 109.0,
            "count": 7
        },
        "CubeAgentFinal.Policy.ExtrinsicReward.mean": {
            "value": 1.3625,
            "min": 0.1323529411764706,
            "max": 1.3625,
            "count": 7
        },
        "CubeAgentFinal.Policy.ExtrinsicReward.sum": {
            "value": 109.0,
            "min": 4.5,
            "max": 109.0,
            "count": 7
        },
        "CubeAgentFinal.Losses.PolicyLoss.mean": {
            "value": 0.2353770834445036,
            "min": 0.22543337228249982,
            "max": 0.25906776950400207,
            "count": 7
        },
        "CubeAgentFinal.Losses.PolicyLoss.sum": {
            "value": 4.001410418556561,
            "min": 3.5057425291747055,
            "max": 4.22102678503383,
            "count": 7
        },
        "CubeAgentFinal.Losses.ValueLoss.mean": {
            "value": 0.07687890774757243,
            "min": 0.07687890774757243,
            "max": 0.17071973329256002,
            "count": 7
        },
        "CubeAgentFinal.Losses.ValueLoss.sum": {
            "value": 1.3069414317087313,
            "min": 1.3069414317087313,
            "max": 2.7315157326809603,
            "count": 7
        },
        "CubeAgentFinal.Policy.LearningRate.mean": {
            "value": 0.0002611844247032353,
            "min": 0.0002611844247032353,
            "max": 0.00029682214391642855,
            "count": 7
        },
        "CubeAgentFinal.Policy.LearningRate.sum": {
            "value": 0.004440135219955,
            "min": 0.0040955371348210005,
            "max": 0.004944552051815999,
            "count": 7
        },
        "CubeAgentFinal.Policy.Epsilon.mean": {
            "value": 0.1870614705882353,
            "min": 0.1870614705882353,
            "max": 0.19894071428571433,
            "count": 7
        },
        "CubeAgentFinal.Policy.Epsilon.sum": {
            "value": 3.1800450000000002,
            "min": 2.785170000000001,
            "max": 3.3481840000000003,
            "count": 7
        },
        "CubeAgentFinal.Policy.Beta.mean": {
            "value": 0.0005,
            "min": 0.0005,
            "max": 0.0005000000000000002,
            "count": 7
        },
        "CubeAgentFinal.Policy.Beta.sum": {
            "value": 0.0085,
            "min": 0.007000000000000003,
            "max": 0.0085,
            "count": 7
        },
        "CubeAgentFinal.IsTraining.mean": {
            "value": 1.0,
            "min": 1.0,
            "max": 1.0,
            "count": 7
        },
        "CubeAgentFinal.IsTraining.sum": {
            "value": 1.0,
            "min": 1.0,
            "max": 1.0,
            "count": 7
        }
    },
    "metadata": {
        "timer_format_version": "0.1.0",
        "start_time_seconds": "1756337121",
        "python_version": "3.9.23 (main, Jun  5 2025, 13:25:08) [MSC v.1929 64 bit (AMD64)]",
        "command_line_arguments": "C:\\Users\\Rodrigo\\anaconda3\\envs\\ML-agents\\Scripts\\mlagents-learn config/CubeAgentFinal.yaml --run-id=Speed3",
        "mlagents_version": "0.30.0",
        "mlagents_envs_version": "0.30.0",
        "communication_protocol_version": "1.5.0",
        "pytorch_version": "1.7.1+cu110",
        "numpy_version": "1.21.2",
        "end_time_seconds": "1756337408"
    },
    "total": 287.92646179999997,
    "count": 1,
    "self": 0.0660457999999835,
    "children": {
        "run_training.setup": {
            "total": 0.09931990000000002,
            "count": 1,
            "self": 0.09931990000000002
        },
        "TrainerController.start_learning": {
            "total": 287.7610961,
            "count": 1,
            "self": 0.2770276999992234,
            "children": {
                "TrainerController._reset_env": {
                    "total": 10.7901224,
                    "count": 1,
                    "self": 10.7901224
                },
                "TrainerController.advance": {
                    "total": 276.4523369000008,
                    "count": 14929,
                    "self": 0.26073749999704887,
                    "children": {
                        "env_step": {
                            "total": 220.72516600000165,
                            "count": 14929,
                            "self": 164.64778480000106,
                            "children": {
                                "SubprocessEnvManager._take_step": {
                                    "total": 55.910514199999554,
                                    "count": 14929,
                                    "self": 0.7117831999996795,
                                    "children": {
                                        "TorchPolicy.evaluate": {
                                            "total": 55.198730999999874,
                                            "count": 14594,
                                            "self": 55.198730999999874
                                        }
                                    }
                                },
                                "workers": {
                                    "total": 0.16686700000103016,
                                    "count": 14928,
                                    "self": 0.0,
                                    "children": {
                                        "worker_root": {
                                            "total": 275.1324185999998,
                                            "count": 14928,
                                            "is_parallel": true,
                                            "self": 126.35933990000049,
                                            "children": {
                                                "steps_from_proto": {
                                                    "total": 0.0003572999999992277,
                                                    "count": 1,
                                                    "is_parallel": true,
                                                    "self": 0.00018389999999790518,