{
    "name": "root",
    "gauges": {
        "CubeAgentFinal.Policy.Entropy.mean": {
            "value": 1.3179389238357544,
            "min": 1.3145670890808105,
            "max": 1.4021552801132202,
            "count": 7
        },
        "CubeAgentFinal.Policy.Entropy.sum": {
            "value": 2662.236572265625,
            "min": 2629.13427734375,
            "max": 2809.919189453125,
            "count": 7
        },
        "CubeAgentFinal.Environment.EpisodeLength.mean": {
            "value": 5.688741721854305,
            "min": 4.112244897959184,
            "max": 6.751937984496124,
            "count": 7
        },
        "CubeAgentFinal.Environment.EpisodeLength.sum": {
            "value": 1718.0,
            "min": 1609.0,
            "max": 1742.0,
            "count": 7
        },
        "CubeAgentFinal.Step.mean": {
            "value": 13978.0,
            "min": 1991.0,
            "max": 13978.0,
            "count": 7
        },
        "CubeAgentFinal.Step.sum": {
            "value": 13978.0,
            "min": 1991.0,
            "max": 13978.0,
            "count": 7
        },
        "CubeAgentFinal.Policy.ExtrinsicValueEstimate.mean": {
            "value": 1.190481424331665,
            "min": 0.01003606803715229,
            "max": 1.190481424331665,
            "count": 7
        },
        "CubeAgentFinal.Policy.ExtrinsicValueEstimate.sum": {
            "value": 360.71588134765625,
            "min": 3.924102783203125,
            "max": 446.1300048828125,
            "count": 7
        },
        "CubeAgentFinal.Environment.CumulativeReward.mean": {
            "value": 1.380794701986755,
            "min": 0.16624040920716113,
            "max": 1.437984496124031,
            "count": 7
        },
        "CubeAgentFinal.Environment.CumulativeReward.sum": {
            "value": 417.0,
            "min": 65.0,
            "max": 529.0,
            "count": 7
        },
        "CubeAgentFinal.Policy.ExtrinsicReward.mean": {
            "value": 1.380794701986755,
            "min": 0.16624040920716113,
            "max": 1.437984496124031,
            "count": 7
        },
        "CubeAgentFinal.Policy.ExtrinsicReward.sum": {
            "value": 417.0,
            "min": 65.0,
            "max": 529.0,
            "count": 7
        },
        "CubeAgentFinal.Losses.PolicyLoss.mean": {
            "value": 0.24681977754673406,
            "min": 0.2340791263074861,
            "max": 0.24731221045049223,
            "count": 7
        },
        "CubeAgentFinal.Losses.PolicyLoss.sum": {
            "value": 4.442755995841213,
            "min": 4.214640775228033,
            "max": 4.6989319985593525,
            "count": 7
        },
        "CubeAgentFinal.Losses.ValueLoss.mean": {
            "value": 0.11674727064121765,
            "min": 0.05420781690243206,
            "max": 0.7435565617981187,
            "count": 7
        },
        "CubeAgentFinal.Losses.ValueLoss.sum": {
            "value": 2.1014508715419176,
            "min": 0.975740704243777,
            "max": 14.127574674164256,
            "count": 7
        },
        "CubeAgentFinal.Policy.LearningRate.mean": {
            "value": 0.00026092251302583326,
            "min": 0.00026092251302583326,
            "max": 0.0002968757378835263,
            "count": 7
        },
        "CubeAgentFinal.Policy.LearningRate.sum": {
            "value": 0.004696605234464999,
            "min": 0.004696605234464999,
            "max": 0.0056406390197869995,
            "count": 7
        },
        "CubeAgentFinal.Policy.Epsilon.mean": {
            "value": 0.1869741666666667,
            "min": 0.1869741666666667,
            "max": 0.1989585789473684,
            "count": 7
        },
        "CubeAgentFinal.Policy.Epsilon.sum": {
            "value": 3.3655350000000004,
            "min": 3.3655350000000004,
            "max": 3.780213,
            "count": 7
        },
        "CubeAgentFinal.Policy.Beta.mean": {
            "value": 0.0005,
            "min": 0.0005,
            "max": 0.0005000000000000001,
            "count": 7
        },
        "CubeAgentFinal.Policy.Beta.sum": {
            "value": 0.009000000000000001,
            "min": 0.009000000000000001,
            "max": 0.009500000000000001,
            "count": 7
        },
        "CubeAgentFinal.IsTraining.mean": {
            "value": 1.0,
            "min": 1.0,
            "max": 1.0,
            "count": 7
        },
        "CubeAgentFinal.IsTraining.sum": {
            "value": 1.0,
            "min": 1.0,
            "max": 1.0,
            "count": 7
        }
    },
    "metadata": {
        "timer_format_version": "0.1.0",
        "start_time_seconds": "1756336262",
        "python_version": "3.9.23 (main, Jun  5 2025, 13:25:08) [MSC v.1929 64 bit (AMD64)]",
        "command_line_arguments": "C:\\Users\\Rodrigo\\anaconda3\\envs\\ML-agents\\Scripts\\mlagents-learn config/CubeAgentFinal.yaml --run-id=Speed1",
        "mlagents_version": "0.30.0",
        "mlagents_envs_version": "0.30.0",
        "communication_protocol_version": "1.5.0",
        "pytorch_version": "1.7.1+cu110",
        "numpy_version": "1.21.2",
        "end_time_seconds": "1756336696"
    },
    "total": 434.0700494,
    "count": 1,
    "self": 0.006549200000051769,
    "children": {
        "run_training.setup": {
            "total": 0.08917059999999988,
            "count": 1,
            "self": 0.08917059999999988
        },
        "TrainerController.start_learning": {
            "total": 433.9743296,
            "count": 1,
            "self": 0.3123625999975843,
            "children": {
                "TrainerController._reset_env": {
                    "total": 12.3892603,
                    "count": 1,
                    "self": 12.3892603
                },
                "TrainerController.advance": {
                    "total": 421.1086767000024,
                    "count": 16767,
                    "self": 0.3041755000082276,
                    "children": {
                        "env_step": {
                            "total": 357.71139339999695,
                            "count": 16767,
                            "self": 299.7266996000041,
                            "children": {
                                "SubprocessEnvManager._take_step": {
                                    "total": 57.795086999995256,
                                    "count": 16767,
                                    "self": 0.7307826999951814,
                                    "children": {
                                        "TorchPolicy.evaluate": {
                                            "total": 57.064304300000074,
                                            "count": 14484,
                                            "self": 57.064304300000074
                                        }
                                    }
                                },
                                "workers": {
                                    "total": 0.1896067999975699,
                                    "count": 16766,
                                    "self": 0.0,
                                    "children": {
                                        "worker_root": {
                                            "total": 416.5576726999991,
                                            "count": 16766,
                                            "is_parallel": true,
                                            "self": 137.39094540000104,
                                            "children": {
                                                "steps_from_proto": {
                                                    "total": 0.0004400000000011062,
                                                    "count": 1,
                                                    "is_parallel": true,
                                                    "self": 0.00023520000000232244,